sid,user_id,traj_id,mode,start_time,end_time,duration_hr,source_lat,source_lon,dest_lat,dest_lon,distance_km,avg_speed_kmph,co2_kg,cost_usd
1,2001,0,walk,02/25/2024 11:00,02/25/2024 11:24,0.413644,19.068472,72.904743,19.076988,72.918181,1.700282,4.110496,0,0
2,2001,1,car,02/25/2024 12:22,02/25/2024 12:48,0.435926,19.02297,72.921641,18.984574,72.771329,16.369553,37.551217,2.946519,6.214508
3,2001,2,walk,02/25/2024 14:15,02/25/2024 14:44,0.471918,19.047235,72.905895,19.055055,72.924502,2.14029,4.535297,0,0
4,2001,3,car,02/25/2024 15:52,02/25/2024 16:11,0.321551,19.052509,72.880671,19.029672,72.971739,9.90333,30.798642,1.782599,3.821326
5,2001,4,bike,02/25/2024 17:09,02/25/2024 17:18,0.150414,19.082711,72.85607,19.086533,72.838068,1.938833,12.889969,0,0.162481
6,2001,5,car,02/25/2024 18:48,02/25/2024 19:42,0.893883,19.039961,72.879408,19.177636,72.923203,15.985336,17.883035,2.87736,6.02947
7,2001,6,walk,02/25/2024 21:05,02/25/2024 21:08,0.05,19.082453,72.857931,19.08401,72.859092,0.211849,4.519797,0,0
8,2001,7,bike,02/25/2024 22:42,02/25/2024 22:46,0.065228,19.087054,72.874109,19.076592,72.874445,1.163827,17.842319,0,0.19434
9,2001,8,car,02/25/2024 23:06,02/25/2024 23:19,0.220177,19.020127,72.926818,18.971255,72.920267,5.477782,24.879047,0.986001,2.411805
10,2001,9,metro,02/26/2024 00:17,02/26/2024 00:55,0.639756,19.081605,72.839883,19.121721,72.571961,28.502359,44.551954,0.855071,10.273418
11,2001,10,bus,02/26/2024 01:51,02/26/2024 02:24,0.539555,19.12874,72.925079,19.11642,73.021501,10.222141,18.945488,0.817771,2.862326
12,2001,11,car,02/26/2024 03:59,02/26/2024 04:15,0.26508,19.115449,72.86051,19.064111,72.845579,5.920195,22.333646,1.065635,2.42205
13,2002,0,walk,05/16/2024 09:00,05/16/2024 09:03,0.05,28.592355,77.227132,28.5921,77.224943,0.215562,5.465698,0,0
14,2002,1,car,05/16/2024 10:01,05/16/2024 10:12,0.184182,28.646452,77.157885,28.6985,77.210787,7.754414,42.101988,1.395795,3.40391
15,2002,2,metro,05/16/2024 11:50,05/16/2024 12:02,0.209493,28.657472,77.223796,28.625792,77.294387,7.737338,36.933607,0.23212,3.369056
16,2002,3,walk,05/16/2024 13:59,05/16/2024 14:30,0.514591,28.627676,77.217253,28.606385,77.221531,2.40401,4.671693,0,0
17,2002,4,bike,05/16/2024 16:25,05/16/2024 16:48,0.378047,28.591076,77.221795,28.524875,77.224733,7.366733,19.486303,0,0.160572
18,2002,5,car,05/16/2024 17:32,05/16/2024 17:36,0.080198,28.616628,77.200305,28.637808,77.219738,3.023907,37.70545,0.544303,1.971825
19,2002,6,bike,05/16/2024 18:58,05/16/2024 19:06,0.11784,28.585786,77.217185,28.585868,77.238559,2.087017,17.710597,0,0.141587
20,2002,7,car,05/16/2024 20:39,05/16/2024 20:47,0.140444,28.603146,77.239666,28.64245,77.263192,4.936898,35.152003,0.888642,2.349111
21,2002,8,bike,05/16/2024 22:19,05/16/2024 22:57,0.636664,28.601285,77.188673,28.666581,77.110844,10.507715,16.504345,0,0.359152
22,2002,9,bus,05/16/2024 23:38,05/17/2024 00:16,0.636112,28.650341,77.171388,28.473116,77.120513,20.323216,31.94912,1.625857,5.514638
23,2002,10,car,05/17/2024 02:01,05/17/2024 02:14,0.204622,28.650793,77.256531,28.596409,77.287063,6.74167,32.946959,1.213501,2.912982
24,2002,11,car,05/17/2024 03:15,05/17/2024 03:20,0.093638,28.652062,77.252288,28.625128,77.250212,3.001788,32.057394,0.540322,1.707294
25,2003,0,walk,01/13/2024 07:00,01/13/2024 07:03,0.05,31.225445,121.457026,31.224486,121.45929,0.24023,5.362349,0,0
26,2003,1,bus,01/13/2024 07:33,01/13/2024 07:45,0.210019,31.232655,121.498062,31.277281,121.488706,5.041209,24.003635,0.403297,1.614209
27,2003,2,bus,01/13/2024 08:03,01/13/2024 08:28,0.414057,31.285894,121.443914,31.353174,121.462508,7.68689,18.564809,0.614951,2.333368
28,2003,3,car,01/13/2024 09:37,01/13/2024 09:44,0.114491,31.243548,121.474021,31.238556,121.506081,3.098052,27.059311,0.557649,2.04402
29,2003,4,metro,01/13/2024 11:44,01/13/2024 11:52,0.137987,31.279392,121.442447,31.281858,121.500513,5.524863,40.038926,0.165746,2.542728
30,2003,5,bus,01/13/2024 12:16,01/13/2024 12:24,0.132188,31.251056,121.505094,31.247004,121.470718,3.298847,24.955719,0.263908,1.332151
31,2003,6,bike,01/13/2024 13:08,01/13/2024 13:34,0.438172,31.222467,121.481638,31.247327,121.432665,5.414959,12.358078,0,0.195252
32,2003,7,bus,01/13/2024 14:21,01/13/2024 14:26,0.080052,31.208894,121.436082,31.193472,121.424499,2.03824,25.46137,0.163059,1.059901
33,2003,8,bike,01/13/2024 16:08,01/13/2024 16:22,0.229219,31.241054,121.444695,31.257033,121.481034,3.884632,16.94726,0,0.230085
34,2003,9,bus,01/13/2024 17:36,01/13/2024 18:51,1.255843,31.253313,121.460108,31.382725,121.637811,22.181651,17.662759,1.774532,6.09362
35,2003,10,bike,01/13/2024 19:14,01/13/2024 19:59,0.747008,31.220864,121.450508,31.17068,121.35817,10.405641,13.929765,0,0.309645
36,2004,0,train,02/09/2024 11:00,02/09/2024 12:16,1.278417,39.942267,116.414024,39.986713,117.737945,112.937731,88.341827,6.776264,69.692888
37,2004,1,car,02/09/2024 13:35,02/09/2024 15:00,1.40538,39.855372,116.455066,39.681716,116.768142,32.997849,23.479668,5.939613,12.268508
38,2004,2,bus,02/09/2024 15:10,02/09/2024 15:47,0.62528,39.931315,116.455053,39.964816,116.223356,20.099213,32.144364,1.607937,5.596443
39,2004,3,car,02/09/2024 16:11,02/09/2024 16:18,0.107757,39.921244,116.357497,39.956857,116.360185,3.966582,36.810306,0.713985,2.253046
40,2004,4,bike,02/09/2024 18:14,02/09/2024 18:17,0.057021,39.880288,116.41721,39.885069,116.42714,1.000282,17.542204,0,0.195608
41,2004,5,car,02/09/2024 18:57,02/09/2024 19:24,0.458141,39.910048,116.430427,39.923321,116.649328,18.726979,40.876009,3.370856,7.366778
42,2004,6,car,02/09/2024 19:44,02/09/2024 20:25,0.680267,39.883248,116.436979,39.980851,116.259606,18.614847,27.364022,3.350673,7.188091
43,2004,7,walk,02/09/2024 22:12,02/09/2024 22:16,0.057522,39.913657,116.411499,39.913733,116.41413,0.22457,3.904103,0,0
44,2004,8,bus,02/09/2024 23:50,02/10/2024 00:49,0.996704,39.960961,116.394572,39.8368,116.22008,20.302182,20.369316,1.624175,5.486615
45,2004,9,metro,02/10/2024 01:32,02/10/2024 02:00,0.4506,39.939577,116.407716,39.918844,116.253856,13.320452,29.561568,0.399614,5.419506
46,2004,10,train,02/10/2024 02:37,02/10/2024 04:28,1.866144,39.877893,116.350318,40.457094,117.922812,148.324966,79.482055,8.899498,89.796706
47,2004,11,bike,02/10/2024 06:06,02/10/2024 06:48,0.697773,39.930628,116.434636,40.020409,116.409706,10.206745,14.627603,0,0.334111
48,2004,12,bus,02/10/2024 08:23,02/10/2024 08:32,0.13566,39.959834,116.449761,39.932872,116.480718,3.994103,29.442045,0.319528,1.37912
49,2005,0,bike,02/27/2024 07:00,02/27/2024 07:04,0.076823,39.925268,116.396415,39.92133,116.381862,1.316006,17.130328,0,0.137104
50,2005,1,bus,02/27/2024 08:29,02/27/2024 08:54,0.418683,39.912607,116.359061,40.008641,116.351216,10.699379,25.554873,0.85595,2.903242
51,2005,2,metro,02/27/2024 09:04,02/27/2024 09:38,0.560767,39.86101,116.4096,39.796562,116.13837,24.244588,43.234683,0.727338,8.726046
52,2005,3,walk,02/27/2024 10:17,02/27/2024 10:38,0.347548,39.895769,116.395016,39.902514,116.372849,2.034183,5.852959,0,0
53,2005,4,bike,02/27/2024 11:30,02/27/2024 11:42,0.200713,39.926224,116.432194,39.905722,116.395436,3.876182,19.312069,0,0.174607
54,2005,5,bus,02/27/2024 13:17,02/27/2024 14:05,0.807325,39.928436,116.442895,39.832774,116.6444,20.218519,25.043838,1.617481,5.628835
55,2005,6,bus,02/27/2024 15:47,02/27/2024 16:11,0.391378,39.88927,116.358678,39.805219,116.328641,9.691382,24.762183,0.775311,2.720044
56,2005,7,bus,02/27/2024 17:21,02/27/2024 17:26,0.092759,39.878585,116.4183,39.896265,116.423809,2.021396,21.792024,0.161712,0.781513
57,2005,8,walk,02/27/2024 18:28,02/27/2024 18:31,0.05,39.923556,116.399011,39.924026,116.401821,0.245204,6.248304,0,0
58,2005,9,bus,02/27/2024 19:36,02/27/2024 19:41,0.079989,39.918947,116.357642,39.900766,116.352912,2.061433,25.771306,0.164915,1.006989
59,2005,10,metro,02/27/2024 21:41,02/27/2024 22:10,0.477286,39.909076,116.423892,39.836569,116.614833,18.180216,38.09086,0.545406,6.622126
60,2005,11,bus,02/27/2024 23:42,02/27/2024 23:56,0.232602,39.939622,116.3799,39.990574,116.415629,6.432006,27.652444,0.51456,2.128238
61,2005,12,walk,02/28/2024 00:49,02/28/2024 01:18,0.492138,39.875721,116.435159,39.88471,116.457557,2.156816,4.382545,0,0
62,2006,0,walk,02/05/2024 12:00,02/05/2024 12:09,0.165052,12.950986,77.579615,12.948913,77.570212,1.04462,6.329041,0,0
63,2006,1,car,02/05/2024 13:18,02/05/2024 14:16,0.966254,12.990824,77.568192,12.73847,77.349484,36.735405,38.01837,6.612373,13.723007
64,2006,2,car,02/05/2024 15:22,02/05/2024 15:32,0.159477,12.961952,77.564328,12.96535,77.493461,7.688512,48.210808,1.383932,3.026391
65,2006,3,car,02/05/2024 15:54,02/05/2024 16:00,0.092998,12.913327,77.548529,12.935943,77.56491,3.078301,33.100864,0.554094,1.387736
66,2006,4,walk,02/05/2024 17:57,02/05/2024 18:00,0.05,12.971097,77.593008,12.96876,77.594067,0.283997,6.497605,0,0
67,2006,5,walk,02/05/2024 19:46,02/05/2024 20:02,0.27145,12.96551,77.601551,12.957102,77.59283,1.329363,4.89727,0,0
68,2006,6,car,02/05/2024 21:14,02/05/2024 21:50,0.60923,12.971976,77.637379,13.061065,77.787611,19.05346,31.274682,3.429623,7.083957
69,2006,7,walk,02/05/2024 22:07,02/05/2024 22:10,0.05,12.945834,77.603145,12.944218,77.602294,0.201968,5.51773,0,0
70,2006,8,train,02/05/2024 23:09,02/06/2024 00:19,1.155175,12.95818,77.611795,12.142025,77.365784,94.598885,81.891422,5.675933,57.687205
71,2006,9,metro,02/06/2024 01:27,02/06/2024 02:15,0.800914,13.024576,77.580932,12.918356,77.81621,28.097182,35.081403,0.842915,10.631267
72,2006,10,bus,02/06/2024 03:58,02/06/2024 04:37,0.65753,13.012985,77.537393,12.982083,77.693482,17.257255,26.24559,1.38058,4.708982
73,2006,11,walk,02/06/2024 06:18,02/06/2024 06:33,0.2472,12.94869,77.606404,12.952567,77.595013,1.307593,5.289611,0,0
74,2006,12,bus,02/06/2024 07:10,02/06/2024 07:42,0.52509,12.945444,77.555893,12.992438,77.426541,14.958718,28.487885,1.196697,3.964062
75,2006,13,bike,02/06/2024 09:01,02/06/2024 09:12,0.194142,13.00103,77.589357,13.021601,77.579544,2.522372,12.992392,0,0.167283
76,2006,14,bus,02/06/2024 09:28,02/06/2024 09:56,0.468152,13.01461,77.586079,13.018415,77.447978,14.967569,31.971624,1.197406,4.154343
77,2006,15,walk,02/06/2024 11:55,02/06/2024 12:07,0.199671,12.947787,77.618753,12.954304,77.613601,0.914784,4.58145,0,0
78,2006,16,walk,02/06/2024 13:22,02/06/2024 13:48,0.433247,12.964952,77.56525,12.983801,77.577746,2.495206,5.759314,0,0
79,2007,0,car,04/13/2024 07:00,04/13/2024 07:43,0.724379,19.054318,72.931707,18.743657,73.041842,36.435196,50.298541,6.558335,13.224669
80,2007,1,bus,04/13/2024 09:05,04/13/2024 09:29,0.395092,19.051185,72.85714,19.052812,72.73915,12.402465,31.391362,0.992197,3.33341
81,2007,2,metro,04/13/2024 10:58,04/13/2024 11:07,0.154058,19.110989,72.912454,19.066402,72.89728,5.207964,33.805121,0.156239,2.336457
82,2007,3,car,04/13/2024 12:29,04/13/2024 12:42,0.216328,19.068984,72.924225,19.119363,72.972484,7.55623,34.929464,1.360121,3.413489
83,2007,4,bike,04/13/2024 13:18,04/13/2024 13:41,0.379861,19.05458,72.893391,19.074995,72.848832,5.204129,13.70009,0,0.18324
84,2007,5,metro,04/13/2024 14:24,04/13/2024 14:32,0.132064,19.100749,72.827462,19.147169,72.823327,5.179936,39.222936,0.155398,2.287312
85,2007,6,car,04/13/2024 15:20,04/13/2024 16:15,0.924464,19.060912,72.862177,19.274478,72.993147,27.443796,29.68618,4.939883,9.911849
86,2007,7,metro,04/13/2024 16:34,04/13/2024 16:46,0.205784,19.109258,72.884709,19.180312,72.834507,9.499108,46.160668,0.284973,4.122346
87,2007,8,walk,04/13/2024 18:08,04/13/2024 18:11,0.05,19.052672,72.877258,19.053994,72.878552,0.200361,4.454126,0,0
88,2007,9,walk,04/13/2024 18:48,04/13/2024 19:10,0.354419,19.053052,72.886653,19.039358,72.878285,1.758432,4.961444,0,0
89,2007,10,car,04/13/2024 20:04,04/13/2024 20:15,0.186652,19.131461,72.862684,19.184164,72.849555,6.020362,32.25439,1.083665,2.606618
90,2007,11,bus,04/13/2024 21:12,04/13/2024 21:16,0.073626,19.017459,72.934085,19.031698,72.921806,2.042844,27.746059,0.163428,0.992127
91,2007,12,metro,04/13/2024 22:35,04/13/2024 22:43,0.125757,19.079324,72.936856,19.033619,72.929789,5.136148,40.841764,0.154084,2.390038
92,2008,0,bike,06/19/2024 14:00,06/19/2024 14:12,0.215833,19.083764,72.889445,19.063288,72.867075,3.272683,15.163052,0,0.086171
93,2008,1,car,06/19/2024 15:46,06/19/2024 15:52,0.090184,19.086118,72.925839,19.065964,72.905783,3.076419,34.112545,0.553755,1.457547
94,2008,2,walk,06/19/2024 16:35,06/19/2024 16:43,0.138737,19.062643,72.858987,19.058281,72.865065,0.802045,5.781047,0,0
95,2008,3,bike,06/19/2024 18:03,06/19/2024 19:17,1.235591,19.081019,72.852364,19.121149,72.752071,11.443898,9.26188,0,0.3724
96,2008,4,bike,06/19/2024 19:53,06/19/2024 20:31,0.629539,19.087084,72.857457,19.127153,72.770895,10.127672,16.087429,0,0.373136
97,2008,5,bus,06/19/2024 22:02,06/19/2024 22:24,0.364858,19.129976,72.904786,19.193805,72.829132,10.654399,29.201458,0.852352,3.225734
98,2008,6,car,06/19/2024 23:06,06/19/2024 23:21,0.242882,19.021426,72.820864,19.048944,72.748039,8.243813,33.941604,1.483886,3.629334
99,2008,7,car,06/19/2024 23:42,06/20/2024 00:07,0.425704,19.134473,72.83575,19.213439,72.707707,16.060678,37.727378,2.890922,5.923719
100,2008,8,train,06/20/2024 00:22,06/20/2024 01:27,1.07669,19.116599,72.873943,19.003209,73.671252,84.739557,78.703797,5.084373,52.813431
101,2008,9,walk,06/20/2024 02:58,06/20/2024 03:18,0.329996,19.049383,72.899583,19.066722,72.892948,2.050263,6.212987,0,0
102,2009,0,walk,05/23/2024 06:00,05/23/2024 06:08,0.146358,17.405979,78.471541,17.410736,78.476794,0.768372,5.249967,0,0
103,2009,1,bus,05/23/2024 07:46,05/23/2024 07:52,0.102108,17.439486,78.499441,17.421384,78.522919,3.202383,31.362681,0.256191,1.148282
104,2009,2,bus,05/23/2024 09:48,05/23/2024 10:03,0.240204,17.338627,78.507289,17.348953,78.43054,8.226562,34.248226,0.658125,2.307619
105,2009,3,bike,05/23/2024 11:08,05/23/2024 11:22,0.240635,17.38621,78.507831,17.354059,78.531194,4.350613,18.07974,0,0.281452
106,2009,4,walk,05/23/2024 13:13,05/23/2024 13:34,0.350028,17.363041,78.458427,17.351284,78.446815,1.79665,5.132871,0,0
107,2009,5,bike,05/23/2024 14:29,05/23/2024 14:37,0.122823,17.397245,78.469478,17.387237,78.473824,1.204569,9.807381,0,0.094827
108,2009,6,bus,05/23/2024 15:00,05/23/2024 15:14,0.239893,17.433499,78.468491,17.448729,78.394051,8.076259,33.666033,0.646101,2.6086
109,2009,7,metro,05/23/2024 16:16,05/23/2024 16:53,0.622282,17.372585,78.50135,17.361477,78.723346,23.591779,37.91169,0.707753,8.975886
110,2009,8,car,05/23/2024 17:33,05/23/2024 17:51,0.289546,17.380096,78.544304,17.328915,78.643619,11.978886,41.371243,2.156199,4.616547
111,2009,9,bus,05/23/2024 19:44,05/23/2024 19:51,0.115937,17.401008,78.455517,17.390162,78.47209,2.132371,18.392489,0.17059,1.027718
112,2009,10,bike,05/23/2024 20:23,05/23/2024 20:44,0.358498,17.408807,78.485138,17.433691,78.534275,5.901967,16.46302,0,0.278486
113,2009,11,car,05/23/2024 21:46,05/23/2024 21:55,0.142434,17.348075,78.431604,17.37903,78.45182,4.055945,28.476007,0.73007,1.893298
114,2009,12,walk,05/23/2024 23:48,05/23/2024 23:52,0.070112,17.362238,78.484347,17.36035,78.486612,0.319206,4.55278,0,0
115,2009,13,car,05/24/2024 01:31,05/24/2024 01:36,0.078155,17.38541,78.509547,17.409355,78.523707,3.057181,39.116712,0.550293,1.699497
116,2009,14,walk,05/24/2024 03:35,05/24/2024 03:38,0.05,17.407415,78.511952,17.407097,78.513908,0.210445,5.963708,0,0
117,2009,15,car,05/24/2024 04:46,05/24/2024 04:54,0.139109,17.421744,78.516491,17.383616,78.520389,4.259776,30.621761,0.76676,1.946968
118,2010,0,bike,04/12/2024 11:00,04/12/2024 11:17,0.296339,28.620995,77.201135,28.620512,77.166784,3.353322,11.315838,0,0.260444
119,2010,1,bike,04/12/2024 11:35,04/12/2024 12:02,0.437333,28.586101,77.194146,28.527971,77.180612,6.597544,15.085862,0,0.233832
120,2010,2,metro,04/12/2024 13:34,04/12/2024 13:50,0.276,28.566761,77.202689,28.571847,77.326377,12.092029,43.811739,0.362761,4.75394
121,2010,3,car,04/12/2024 15:47,04/12/2024 15:54,0.113728,28.586209,77.194274,28.57352,77.22156,3.014906,26.509899,0.542683,1.969144
122,2010,4,bike,04/12/2024 16:18,04/12/2024 16:40,0.374006,28.591086,77.232432,28.572184,77.187374,4.875872,13.03688,0,0.290024
123,2010,5,bike,04/12/2024 18:04,04/12/2024 18:07,0.05,28.63125,77.208907,28.630971,77.197814,1.083107,22.122988,0,0.140976
124,2010,6,bike,04/12/2024 18:30,04/12/2024 18:37,0.104514,28.6098,77.186655,28.598737,77.201297,1.885816,18.043598,0,0.100452
125,2010,7,metro,04/12/2024 20:27,04/12/2024 20:39,0.214067,28.63141,77.217493,28.637275,77.300941,8.170122,38.166146,0.245104,3.12893
126,2010,8,car,04/12/2024 21:54,04/12/2024 22:03,0.145433,28.566114,77.167343,28.591178,77.212766,5.238323,36.018924,0.942898,2.311719
127,2010,9,metro,04/12/2024 22:37,04/12/2024 22:51,0.230058,28.576288,77.183211,28.627695,77.1767,5.75146,25,0.172544,2.524963
128,2010,10,car,04/12/2024 23:01,04/12/2024 23:57,0.93325,28.567345,77.196743,28.792509,76.906784,37.775298,40.477138,6.799554,14.024955
129,2010,11,metro,04/13/2024 01:34,04/13/2024 01:42,0.139181,28.651949,77.179948,28.603658,77.159456,5.730064,41.1699,0.171902,2.323744
130,2010,12,bus,04/13/2024 03:17,04/13/2024 03:53,0.595113,28.622494,77.182597,28.676538,77.330335,15.618746,26.245021,1.2495,4.472995
131,2011,0,metro,06/18/2024 07:00,06/18/2024 07:19,0.324603,28.592742,77.200052,28.513693,77.125058,11.441707,35.248284,0.343251,4.508871
132,2011,1,metro,06/18/2024 08:07,06/18/2024 08:16,0.15475,28.588536,77.218749,28.538565,77.225521,5.595696,36.159702,0.167871,2.399934
133,2011,2,bike,06/18/2024 09:07,06/18/2024 09:17,0.170252,28.615855,77.182109,28.607425,77.161197,2.246327,13.194094,0,0.083295
134,2011,3,metro,06/18/2024 09:43,06/18/2024 09:58,0.248102,28.645127,77.220477,28.564351,77.277353,10.559603,42.561507,0.316788,4.302252
135,2011,4,car,06/18/2024 10:56,06/18/2024 11:43,0.784628,28.595764,77.260543,28.702939,77.526157,28.527358,36.357834,5.134924,10.682949
136,2011,5,bus,06/18/2024 13:11,06/18/2024 13:34,0.37556,28.56188,77.237934,28.608903,77.155595,9.590445,25.536364,0.767236,2.597774
137,2011,6,bike,06/18/2024 15:30,06/18/2024 15:36,0.103043,28.592286,77.226716,28.597423,77.213096,1.447189,14.044564,0,0.186096
138,2011,7,metro,06/18/2024 16:41,06/18/2024 16:55,0.227763,28.633724,77.211768,28.686694,77.153019,8.218983,36.085658,0.246569,3.355637
139,2011,8,bus,06/18/2024 17:46,06/18/2024 18:04,0.307299,28.600993,77.246992,28.582619,77.309494,6.435308,20.941522,0.514825,2.013297
140,2011,9,train,06/18/2024 18:41,06/18/2024 19:51,1.160594,28.643613,77.209326,29.035485,76.881527,54.019911,46.545051,3.241195,34.015889
141,2011,10,metro,06/18/2024 21:42,06/18/2024 22:29,0.781322,28.599967,77.214226,28.81342,77.11746,25.542292,32.691104,0.766269,9.449073
142,2011,11,metro,06/18/2024 23:15,06/18/2024 23:23,0.138084,28.629225,77.189189,28.642686,77.13512,5.484918,39.721648,0.164548,2.175754
143,2011,12,car,06/19/2024 00:15,06/19/2024 01:18,1.047066,28.628309,77.213015,28.51721,77.521563,32.564626,31.10084,5.861633,12.168576
144,2011,13,bike,06/19/2024 01:58,06/19/2024 02:02,0.062448,28.598809,77.223637,28.590569,77.219228,1.012369,16.211462,0,0.049718
145,2011,14,walk,06/19/2024 02:37,06/19/2024 02:42,0.087511,28.629648,77.231606,28.632439,77.235978,0.527656,6.02958,0,0
146,2012,0,car,04/26/2024 12:00,04/26/2024 12:42,0.705493,19.04351,72.90437,18.917388,72.740916,22.182747,31.4429,3.992894,8.200066
147,2012,1,metro,04/26/2024 14:05,04/26/2024 14:17,0.208061,19.099274,72.882827,19.148961,72.848722,6.585069,31.649688,0.197552,2.744566
148,2012,2,walk,04/26/2024 15:30,04/26/2024 15:41,0.173794,19.081004,72.871751,19.087787,72.869282,0.797658,4.589669,0,0
149,2012,3,train,04/26/2024 17:19,04/26/2024 18:42,1.384405,19.034402,72.888048,19.698101,72.155559,106.540072,76.957307,6.392404,65.752241
150,2012,4,train,04/26/2024 20:30,04/26/2024 22:33,2.059184,19.127854,72.885516,20.447138,72.139216,166.183816,80.703732,9.971029,100.47412
151,2012,5,car,04/26/2024 23:11,04/26/2024 23:49,0.629954,19.100869,72.836005,19.089116,72.691043,15.288006,24.268439,2.751841,5.975987
152,2012,6,bus,04/27/2024 01:05,04/27/2024 01:16,0.183775,19.128124,72.928768,19.173584,72.970267,6.674891,36.320969,0.533991,1.917266
153,2012,7,walk,04/27/2024 03:14,04/27/2024 03:17,0.05,19.10509,72.898034,19.103327,72.899408,0.243514,6.5,0,0
154,2012,8,car,04/27/2024 04:26,04/27/2024 05:07,0.685076,19.022571,72.857924,19.26393,72.865367,26.849225,39.191621,4.832861,9.919337
155,2012,9,train,04/27/2024 06:33,04/27/2024 08:03,1.50338,19.05602,72.86548,18.461661,73.760344,115.086449,76.551806,6.905187,70.470848
156,2012,10,metro,04/27/2024 09:09,04/27/2024 09:18,0.149901,19.1045,72.871966,19.050687,72.889504,6.261183,41.76884,0.187835,2.647459
157,2013,0,metro,04/24/2024 08:00,04/24/2024 08:15,0.261736,39.861103,116.368566,39.795642,116.468391,11.209261,42.826635,0.336278,4.393283
158,2013,1,train,04/24/2024 09:25,04/24/2024 09:56,0.515761,39.913871,116.423272,39.727018,116.022437,40.044581,77.641792,2.402675,25.483241
159,2013,2,train,04/24/2024 11:53,04/24/2024 12:34,0.672606,39.865564,116.462728,40.27689,116.452139,45.746158,68.013341,2.744769,28.67459
160,2013,3,bike,04/24/2024 13:50,04/24/2024 13:54,0.072347,39.904332,116.413123,39.904329,116.400819,1.049492,14.506393,0,0.036487
161,2013,4,bike,04/24/2024 15:00,04/24/2024 15:04,0.064417,39.886794,116.431283,39.898845,116.438164,1.462905,22.709781,0,0.096428
162,2013,5,car,04/24/2024 15:48,04/24/2024 16:18,0.503935,39.937263,116.401795,39.826881,116.457899,13.174451,26.143164,2.371401,5.00792
163,2013,6,bike,04/24/2024 16:38,04/24/2024 16:43,0.079719,39.898246,116.410978,39.908977,116.406052,1.265095,15.869527,0,0.055863
164,2013,7,bike,04/24/2024 18:21,04/24/2024 18:44,0.390719,39.896599,116.393645,39.854574,116.428995,5.56209,14.235536,0,0.192762
165,2013,8,bus,04/24/2024 19:47,04/24/2024 20:21,0.563677,39.847246,116.366138,39.868865,116.525223,13.790173,24.464673,1.103214,3.67245
166,2013,9,car,04/24/2024 21:24,04/24/2024 21:29,0.085539,39.871929,116.428027,39.89344,116.449526,3.014375,35.239869,0.542587,1.988418
167,2013,10,bus,04/24/2024 22:28,04/24/2024 22:59,0.515366,39.94019,116.368825,39.944659,116.507113,11.799782,22.895911,0.943983,3.157758
168,2013,11,car,04/25/2024 00:38,04/25/2024 01:30,0.859391,39.930872,116.450084,39.726021,116.650723,28.502806,33.166272,5.130505,10.542249
169,2013,12,walk,04/25/2024 02:53,04/25/2024 03:00,0.120251,39.914285,116.389699,39.91738,116.386473,0.44062,3.664177,0,0
170,2013,13,bus,04/25/2024 03:55,04/25/2024 04:01,0.099694,39.942293,116.388418,39.919073,116.416956,3.547912,35.588122,0.283833,1.254586
171,2013,14,metro,04/25/2024 05:57,04/25/2024 06:16,0.324076,39.915035,116.379568,39.792997,116.446958,14.739046,45.480168,0.442171,5.838587
172,2013,15,car,04/25/2024 07:35,04/25/2024 08:59,1.393033,39.879536,116.461214,40.020075,116.683703,24.574471,17.640979,4.423405,9.05466
173,2013,16,bus,04/25/2024 10:11,04/25/2024 11:04,0.887732,39.948416,116.405892,40.130093,116.439664,20.405145,22.98571,1.632412,5.456829
174,2013,17,metro,04/25/2024 11:17,04/25/2024 11:37,0.32625,39.876441,116.412396,39.869611,116.588321,15.032366,46.076265,0.450971,5.703918
175,2014,0,car,04/29/2024 08:00,04/29/2024 09:34,1.57355,39.860923,116.447592,39.811235,116.898025,38.854763,24.692421,6.993857,13.918044
176,2014,1,bus,04/29/2024 10:52,04/29/2024 10:57,0.090565,39.846407,116.457116,39.827916,116.444558,2.318902,25.604905,0.185512,1.044925
177,2014,2,walk,04/29/2024 12:19,04/29/2024 12:37,0.300167,39.890643,116.410651,39.903098,116.411774,1.388176,4.624682,0,0
178,2014,3,bus,04/29/2024 13:41,04/29/2024 14:23,0.69473,39.860626,116.455402,39.716544,116.323978,19.564729,28.161624,1.565178,5.195245
179,2014,4,bike,04/29/2024 14:39,04/29/2024 14:45,0.092134,39.910231,116.417302,39.901296,116.427814,1.338306,14.525696,0,0.092135
180,2014,5,train,04/29/2024 15:53,04/29/2024 16:23,0.512374,39.90647,116.353036,39.873286,115.801629,47.189041,92.098899,2.831342,29.23081
181,2014,6,car,04/29/2024 17:21,04/29/2024 17:35,0.229187,39.854136,116.419778,39.825156,116.467985,5.227259,22.807878,0.940907,2.306131
182,2014,7,walk,04/29/2024 18:38,04/29/2024 18:53,0.251827,39.917343,116.395227,39.907577,116.397158,1.09828,4.361249,0,0
183,2014,8,walk,04/29/2024 19:05,04/29/2024 19:24,0.31036,39.91402,116.43361,39.92854,116.43995,1.702653,5.486053,0,0
184,2014,9,walk,04/29/2024 20:18,04/29/2024 20:26,0.135498,39.903982,116.413211,39.904586,116.40725,0.512813,3.784656,0,0
185,2014,10,walk,04/29/2024 21:59,04/29/2024 22:14,0.259188,39.880596,116.381908,39.866697,116.389768,1.684725,6.5,0,0
186,2014,11,walk,04/29/2024 22:55,04/29/2024 23:20,0.400909,39.888984,116.426546,39.88289,116.404625,1.989384,4.962188,0,0
187,2015,0,bus,06/20/2024 07:00,06/20/2024 07:17,0.292494,28.586557,77.219828,28.543167,77.206515,4.99695,17.083913,0.399756,1.635251
188,2015,1,bike,06/20/2024 07:54,06/20/2024 08:28,0.569499,28.636277,77.222933,28.596484,77.152743,8.15595,14.321264,0,0.196677
189,2015,2,metro,06/20/2024 09:25,06/20/2024 09:39,0.227399,28.636973,77.250903,28.695777,77.245699,6.558353,28.840689,0.196751,2.926438
190,2015,3,train,06/20/2024 11:24,06/20/2024 13:32,2.141216,28.667187,77.153731,30.023637,76.357252,169.437444,79.131426,10.166247,103.609548
191,2015,4,walk,06/20/2024 14:02,06/20/2024 14:31,0.475375,28.594735,77.213077,28.61726,77.208358,2.546733,5.357312,0,0
192,2015,5,bus,06/20/2024 14:44,06/20/2024 15:32,0.804865,28.667212,77.205906,28.76322,77.043601,19.091703,23.720366,1.527336,5.131588
193,2015,6,metro,06/20/2024 16:30,06/20/2024 16:40,0.170254,28.592192,77.24847,28.62508,77.283911,5.034239,29.56904,0.151027,2.317242
194,2015,7,car,06/20/2024 16:59,06/20/2024 17:11,0.186475,28.563134,77.232555,28.552786,77.159014,7.274055,39.008267,1.30933,2.91725
195,2015,8,train,06/20/2024 17:52,06/20/2024 19:30,1.6468,28.561743,77.186835,27.827728,76.35043,115.673222,70.241227,6.940393,70.930322
196,2015,9,car,06/20/2024 21:28,06/20/2024 21:35,0.115529,28.660217,77.222904,28.704727,77.230745,5.007994,43.348367,0.901439,2.741489
197,2015,10,train,06/20/2024 23:26,06/21/2024 02:04,2.634225,28.658312,77.151552,29.286384,74.802666,238.926784,90.700994,14.335607,144.655188
198,2015,11,metro,06/21/2024 02:58,06/21/2024 03:29,0.514978,28.673652,77.191085,28.528913,77.307711,19.714447,38.282103,0.591433,7.403633
199,2015,12,bike,06/21/2024 03:47,06/21/2024 04:44,0.943934,28.612693,77.21665,28.606072,77.12069,9.396429,9.954539,0,0.27194
200,2015,13,bus,06/21/2024 06:42,06/21/2024 07:02,0.338612,28.582553,77.162257,28.572343,77.210992,4.892408,14.448406,0.391393,1.807417
201,2015,14,metro,06/21/2024 08:07,06/21/2024 08:19,0.191087,28.589457,77.177033,28.570043,77.130344,5.044296,26.39793,0.151329,2.241347
202,2015,15,walk,06/21/2024 10:15,06/21/2024 10:43,0.478758,28.596995,77.235998,28.611694,77.246537,1.931348,4.034083,0,0
203,2015,16,car,06/21/2024 11:15,06/21/2024 11:56,0.67361,28.60401,77.254494,28.764967,77.574976,36.023188,53.477782,6.484174,13.339254
204,2016,0,bus,05/03/2024 13:00,05/03/2024 14:04,1.067779,39.96314,116.375201,39.843959,116.16289,22.441094,21.016619,1.795287,6.047263
205,2016,1,bike,05/03/2024 15:47,05/03/2024 15:54,0.117889,39.910664,116.408161,39.916207,116.425287,1.585294,13.447399,0,0.197852
206,2016,2,walk,05/03/2024 16:35,05/03/2024 16:38,0.05,39.920975,116.398408,39.922823,116.397934,0.209368,4.52086,0,0
207,2016,3,bus,05/03/2024 17:45,05/03/2024 18:50,1.088172,39.950254,116.45873,39.961417,116.168531,24.766356,22.759604,1.981308,6.658864
208,2016,4,bike,05/03/2024 20:18,05/03/2024 21:01,0.724907,39.915961,116.386634,39.927888,116.482967,8.321421,11.479289,0,0.336619
209,2016,5,walk,05/03/2024 22:14,05/03/2024 22:31,0.27367,39.887629,116.409618,39.895276,116.399954,1.184418,4.327912,0,0
210,2016,6,bike,05/03/2024 23:08,05/03/2024 23:45,0.62531,39.890136,116.385171,39.973903,116.353897,9.688605,15.494093,0,0.369836
211,2016,7,metro,05/04/2024 00:30,05/04/2024 00:59,0.478272,39.947655,116.444542,39.828886,116.544774,15.733551,32.896661,0.472007,6.040218
212,2016,8,bus,05/04/2024 01:44,05/04/2024 02:17,0.547702,39.888923,116.37857,39.762729,116.382825,14.036743,25.628412,1.122939,3.743431
213,2016,9,metro,05/04/2024 02:51,05/04/2024 03:31,0.666843,39.853926,116.373822,39.728519,116.266889,16.671063,25,0.500132,6.367978
214,2016,10,bike,05/04/2024 04:43,05/04/2024 05:12,0.488869,39.923681,116.398269,39.873787,116.369782,6.056765,12.38933,0,0.250316
215,2016,11,bus,05/04/2024 06:22,05/04/2024 06:55,0.543351,39.876243,116.452836,39.976637,116.308355,16.62543,30.59798,1.330034,4.363255
216,2016,12,bike,05/04/2024 08:46,05/04/2024 09:09,0.390477,39.916702,116.427621,39.892409,116.360234,6.351131,16.265055,0,0.26538
217,2016,13,bike,05/04/2024 10:10,05/04/2024 10:16,0.091922,39.911317,116.422563,39.910848,116.407607,1.276711,13.88903,0,0.099338
218,2016,14,bus,05/04/2024 11:40,05/04/2024 12:34,0.896375,39.863491,116.445556,39.702453,116.435728,17.926288,19.998646,1.434103,4.851773
219,2016,15,metro,05/04/2024 13:28,05/04/2024 13:50,0.380492,39.844966,116.381845,39.836807,116.55152,14.514971,38.147853,0.435449,5.491326
220,2016,16,bus,05/04/2024 14:42,05/04/2024 15:20,0.625991,39.920281,116.412198,40.032725,116.529129,15.987653,25.539737,1.279012,4.297475
221,2016,17,walk,05/04/2024 16:09,05/04/2024 16:37,0.468661,39.919862,116.409876,39.942752,116.396288,2.79659,5.967186,0,0
222,2017,0,walk,06/25/2024 08:00,06/25/2024 08:23,0.396413,17.361151,78.512934,17.373637,78.518875,1.524923,3.846805,0,0
223,2017,1,metro,06/25/2024 10:07,06/25/2024 10:19,0.188407,17.361116,78.511681,17.327772,78.478503,5.113403,27.140247,0.153402,2.304473
224,2017,2,bike,06/25/2024 12:06,06/25/2024 12:44,0.638416,17.357745,78.508992,17.458528,78.488065,11.424489,17.895045,0,0.395015
225,2017,3,bike,06/25/2024 13:06,06/25/2024 13:36,0.501448,17.399979,78.464505,17.408391,78.396038,7.324594,14.606885,0,0.18238
226,2017,4,walk,06/25/2024 14:32,06/25/2024 14:39,0.12149,17.395998,78.483454,17.399681,78.483384,0.40964,3.371808,0,0
227,2017,5,walk,06/25/2024 15:57,06/25/2024 16:00,0.05,17.380571,78.483783,17.381022,78.486331,0.274964,5.518909,0,0
228,2017,6,metro,06/25/2024 16:16,06/25/2024 16:38,0.357656,17.334886,78.50836,17.314259,78.654768,15.709623,43.923853,0.471289,6.08109
229,2017,7,train,06/25/2024 17:04,06/25/2024 18:12,1.131786,17.439104,78.444827,16.92455,77.808058,88.597479,78.281145,5.315849,54.967567
230,2017,8,bus,06/25/2024 18:35,06/25/2024 19:25,0.842681,17.372711,78.459606,17.188886,78.582826,24.268876,28.799605,1.94151,6.458705
231,2017,9,bike,06/25/2024 20:35,06/25/2024 20:41,0.098508,17.408646,78.470497,17.399505,78.480889,1.49955,15.222619,0,0.080487
232,2017,10,car,06/25/2024 20:57,06/25/2024 22:05,1.136258,17.428723,78.483485,17.562021,78.81018,37.683745,33.164779,6.783074,14.064792
233,2017,11,bus,06/25/2024 22:29,06/25/2024 23:03,0.564467,17.429235,78.519892,17.33033,78.414712,15.669371,27.759574,1.25355,4.348151
234,2017,12,metro,06/25/2024 23:22,06/26/2024 00:00,0.629102,17.340749,78.430603,17.165571,78.265616,26.199019,41.645086,0.785971,9.459175
235,2017,13,bus,06/26/2024 00:29,06/26/2024 00:34,0.08501,17.420584,78.484483,17.401717,78.49374,2.316508,27.249868,0.185321,0.813199
236,2017,14,bike,06/26/2024 01:22,06/26/2024 01:27,0.082131,17.367031,78.486196,17.35885,78.481344,1.045351,12.727801,0,0.173796
237,2017,15,metro,06/26/2024 02:48,06/26/2024 03:00,0.203863,17.357279,78.522407,17.417116,78.553105,7.408114,36.338607,0.222243,3.163891
238,2017,16,train,06/26/2024 04:51,06/26/2024 06:32,1.678068,17.372099,78.484293,17.057495,79.698316,133.606411,79.619164,8.016385,81.339618
239,2017,17,bus,06/26/2024 07:30,06/26/2024 08:08,0.643247,17.408398,78.529915,17.522025,78.622275,15.987854,24.854938,1.279028,4.432374
240,2018,0,metro,03/19/2024 15:00,03/19/2024 15:09,0.1593,39.873245,116.4658,39.823715,116.46625,5.507624,34.573972,0.165229,2.703734
241,2018,1,walk,03/19/2024 16:37,03/19/2024 16:52,0.250522,39.911289,116.419548,39.905565,116.429733,1.076979,4.298945,0,0
242,2018,2,bike,03/19/2024 18:39,03/19/2024 18:50,0.18084,39.876192,116.382115,39.892707,116.405838,2.733029,15.112981,0,0.070898
243,2018,3,bike,03/19/2024 20:24,03/19/2024 21:00,0.595456,39.908252,116.418768,39.965564,116.476461,8.05033,13.519612,0,0.17602
244,2018,4,walk,03/19/2024 22:20,03/19/2024 22:23,0.05,39.912386,116.419789,39.914065,116.418861,0.202794,4.644013,0,0
245,2018,5,bus,03/19/2024 23:30,03/19/2024 23:59,0.495755,39.850437,116.412356,39.889291,116.261702,13.563637,27.359579,1.085091,3.6835
246,2018,6,metro,03/20/2024 00:13,03/20/2024 00:21,0.122609,39.884934,116.445179,39.921566,116.408035,5.16046,42.08867,0.154814,2.521925
247,2018,7,walk,03/20/2024 02:00,03/20/2024 02:08,0.145245,39.907056,116.426438,39.906253,116.417438,0.772857,5.321075,0,0
248,2018,8,train,03/20/2024 02:47,03/20/2024 03:17,0.495625,39.853996,116.354642,40.123148,116.908489,55.875602,112.737605,3.352536,34.910046
249,2018,9,car,03/20/2024 04:47,03/20/2024 06:13,1.429507,39.948814,116.373706,40.032885,115.938508,38.235581,26.74739,6.882405,13.980051
250,2018,10,bus,03/20/2024 06:48,03/20/2024 07:13,0.416687,39.923245,116.407183,39.907471,116.302558,9.093859,21.824211,0.727509,2.533061
251,2018,11,bike,03/20/2024 08:45,03/20/2024 09:44,0.985875,39.887907,116.43718,39.844125,116.315721,11.452439,11.616518,0,0.243331
252,2018,12,walk,03/20/2024 10:12,03/20/2024 10:16,0.070793,39.878532,116.379239,39.875156,116.380291,0.385921,5.451422,0,0
253,2018,13,car,03/20/2024 11:05,03/20/2024 12:15,1.16551,39.948393,116.43466,39.803108,116.633196,23.40968,20.085348,4.213742,8.800795
254,2018,14,bus,03/20/2024 13:01,03/20/2024 14:00,0.984671,39.962718,116.352213,39.809957,116.245067,19.290103,19.590396,1.543208,5.302419
255,2018,15,car,03/20/2024 14:48,03/20/2024 15:21,0.536247,39.896834,116.434431,39.808335,116.358931,11.763326,21.936382,2.117399,4.795151
256,2019,0,walk,01/21/2024 15:00,01/21/2024 15:16,0.283291,18.545142,73.83934,18.537304,73.830362,1.286645,4.541785,0,0
257,2019,1,metro,01/21/2024 16:21,01/21/2024 16:48,0.445891,18.548374,73.812488,18.388391,73.820674,17.810135,39.942801,0.534304,6.488343
258,2019,2,car,01/21/2024 17:01,01/21/2024 17:20,0.316424,18.490068,73.90119,18.397507,73.892082,10.33698,32.66808,1.860656,4.520305
259,2019,3,bus,01/21/2024 19:17,01/21/2024 19:23,0.095979,18.503508,73.867854,18.502305,73.892621,2.615021,27.24568,0.209202,1.253584
260,2019,4,metro,01/21/2024 19:35,01/21/2024 20:07,0.532473,18.539208,73.835723,18.661296,73.974523,19.956517,37.478931,0.598696,7.530529
261,2019,5,train,01/21/2024 20:51,01/21/2024 21:58,1.121766,18.576779,73.851155,18.809279,73.395789,54.487154,48.572637,3.269229,33.898043
262,2019,6,metro,01/21/2024 22:30,01/21/2024 22:52,0.367405,18.512107,73.826546,18.477028,73.693898,14.521698,39.525043,0.435651,5.391488
263,2019,7,bus,01/21/2024 23:37,01/21/2024 23:41,0.067512,18.480445,73.816814,18.462412,73.819871,2.03093,30.082474,0.162474,1.033431
264,2019,8,car,01/22/2024 01:12,01/22/2024 01:33,0.350104,18.5617,73.89338,18.657063,73.783801,15.67767,44.780007,2.821981,6.030757
265,2019,9,bike,01/22/2024 02:43,01/22/2024 02:50,0.118877,18.50275,73.833415,18.517674,73.826792,1.800413,15.145155,0,0.056928
266,2019,10,walk,01/22/2024 04:25,01/22/2024 04:36,0.173609,18.492761,73.834027,18.499117,73.83107,0.772555,4.449965,0,0
267,2019,11,bike,01/22/2024 05:38,01/22/2024 05:42,0.066092,18.509369,73.857134,18.515555,73.850003,1.019011,15.418028,0,0.183093
268,2019,12,bus,01/22/2024 06:43,01/22/2024 06:59,0.270477,18.514969,73.858572,18.481323,73.796969,7.496333,27.715209,0.599707,2.109307
269,2019,13,bike,01/22/2024 08:07,01/22/2024 08:17,0.167673,18.498779,73.828498,18.490276,73.811324,2.043029,12.184596,0,0.234898
270,2019,14,bus,01/22/2024 08:41,01/22/2024 09:07,0.429752,18.576789,73.807968,18.472119,73.848679,12.405053,28.865609,0.992404,3.631234
271,2019,15,walk,01/22/2024 10:22,01/22/2024 10:41,0.310182,18.542489,73.837329,18.532244,73.827454,1.543246,4.97529,0,0
272,2019,16,walk,01/22/2024 12:00,01/22/2024 12:03,0.05,18.542534,73.860937,18.544187,73.860129,0.202585,6.5,0,0
273,2020,0,train,06/09/2024 13:00,06/09/2024 13:49,0.818368,31.253143,121.494882,30.979949,121.050324,52.094101,63.656104,3.125646,32.157045
274,2020,1,walk,06/09/2024 14:25,06/09/2024 14:53,0.4753,31.206796,121.483171,31.232518,121.492573,2.996718,6.304901,0,0
275,2020,2,metro,06/09/2024 15:39,06/09/2024 16:15,0.59823,31.287661,121.462529,31.271794,121.211137,23.955289,40.0436,0.718659,8.601673
276,2020,3,metro,06/09/2024 16:40,06/09/2024 16:50,0.164634,31.275822,121.462197,31.241645,121.39206,7.673767,46.611089,0.230213,3.029397
277,2020,4,walk,06/09/2024 18:42,06/09/2024 19:02,0.328628,31.248871,121.489437,31.261849,121.503733,1.982219,6.031805,0,0
278,2020,5,bus,06/09/2024 20:22,06/09/2024 20:33,0.18877,31.235739,121.414391,31.209155,121.448994,4.423187,23.4316,0.353855,1.7027
279,2020,6,car,06/09/2024 21:11,06/09/2024 21:34,0.380286,31.217941,121.497156,31.163927,121.561662,8.586164,22.578183,1.545509,3.9681
280,2020,7,metro,06/09/2024 22:43,06/09/2024 23:06,0.389835,31.197672,121.422484,31.135259,121.293439,14.103755,36.178784,0.423113,5.43534
281,2020,8,metro,06/09/2024 23:35,06/09/2024 23:49,0.224377,31.244739,121.469319,31.168004,121.481117,8.605931,38.354853,0.258178,3.635323
282,2020,9,bus,06/10/2024 01:04,06/10/2024 01:14,0.167669,31.173477,121.45465,31.134942,121.487867,5.32462,31.756702,0.42597,1.923253
283,2020,10,bike,06/10/2024 02:25,06/10/2024 02:43,0.297245,31.23521,121.475716,31.226137,121.423513,5.065035,17.039919,0,0.130229
284,2020,11,walk,06/10/2024 04:03,06/10/2024 04:06,0.056282,31.257731,121.444794,31.260492,121.444948,0.307321,5.460375,0,0
285,2020,12,car,06/10/2024 05:32,06/10/2024 05:41,0.155081,31.248097,121.521464,31.285632,121.553982,5.193494,33.488826,0.934829,2.16659
286,2020,13,train,06/10/2024 07:41,06/10/2024 08:23,0.691986,31.228705,121.444513,31.033761,122.044687,61.099668,88.296099,3.66598,37.782215
287,2020,14,car,06/10/2024 10:22,06/10/2024 10:30,0.139777,31.266763,121.478399,31.258354,121.546985,6.585762,47.116141,1.185437,2.792038
288,2020,15,walk,06/10/2024 11:44,06/10/2024 11:47,0.051951,31.225213,121.451013,31.224112,121.448227,0.291882,5.618467,0,0
289,2020,16,bus,06/10/2024 13:29,06/10/2024 14:01,0.522407,31.192173,121.47672,31.187066,121.619181,13.563172,25.962857,1.085054,3.786649
290,2021,0,bus,04/24/2024 14:00,04/24/2024 14:52,0.874319,28.669451,77.207025,28.524607,77.153205,16.941352,19.376632,1.355308,4.656105
291,2021,1,bus,04/24/2024 15:44,04/24/2024 16:26,0.707849,28.55911,77.224978,28.712276,77.069368,22.818871,32.23692,1.82551,6.277859
292,2021,2,car,04/24/2024 17:34,04/24/2024 18:01,0.441587,28.58127,77.174445,28.453061,77.265649,16.812017,38.071772,3.026163,6.35137
293,2021,3,bus,04/24/2024 19:40,04/24/2024 19:50,0.165277,28.654683,77.257003,28.647872,77.306333,4.872853,29.482991,0.389828,1.728431
294,2021,4,walk,04/24/2024 21:49,04/24/2024 22:08,0.326117,28.633257,77.204424,28.644,77.212804,1.447744,4.439335,0,0
295,2021,5,car,04/24/2024 23:53,04/25/2024 00:17,0.40138,28.628763,77.203212,28.720794,77.080732,15.732051,39.194902,2.831769,6.076473
296,2021,6,metro,04/25/2024 01:15,04/25/2024 01:24,0.149267,28.579909,77.160486,28.551593,77.120529,5.01397,33.590538,0.150419,2.346101
297,2021,7,walk,04/25/2024 03:19,04/25/2024 03:23,0.056852,28.620326,77.211802,28.617173,77.211875,0.350638,6.167595,0,0
298,2021,8,car,04/25/2024 03:37,04/25/2024 04:35,0.970343,28.672434,77.165373,28.517531,77.286246,20.87936,21.517512,3.758285,8.216566
299,2021,9,car,04/25/2024 05:27,04/25/2024 06:00,0.554235,28.605284,77.235112,28.440894,77.13481,20.740309,37.421483,3.733256,7.628907
300,2021,10,car,04/25/2024 07:06,04/25/2024 07:13,0.10647,28.586799,77.15853,28.609953,77.137856,3.271481,30.726813,0.588867,1.950729
301,2021,11,bus,04/25/2024 07:24,04/25/2024 07:33,0.148114,28.576924,77.187805,28.548516,77.183913,3.181582,21.480616,0.254527,1.383378
302,2022,0,bike,04/30/2024 10:00,04/30/2024 10:06,0.111112,12.945657,77.612621,12.931713,77.608947,1.600835,14.407394,0,0.111513
303,2022,1,walk,04/30/2024 11:44,04/30/2024 11:59,0.245038,12.994405,77.603653,12.990067,77.595617,0.995323,4.061917,0,0
304,2022,2,car,04/30/2024 12:51,04/30/2024 13:26,0.577406,13.030897,77.614021,13.015036,77.481063,14.511527,25.132255,2.612075,6.046932
305,2022,3,metro,04/30/2024 14:24,04/30/2024 14:48,0.402561,12.967425,77.541817,12.854299,77.515247,12.904443,32.055846,0.387133,5.009323
306,2022,4,bus,04/30/2024 16:35,04/30/2024 17:06,0.526507,12.923201,77.588645,12.844778,77.702948,15.151009,28.776482,1.212081,4.01512
307,2022,5,metro,04/30/2024 18:35,04/30/2024 19:21,0.761325,12.991389,77.630054,13.128407,77.83013,26.491468,34.796545,0.794744,10.070469
308,2022,6,metro,04/30/2024 20:07,04/30/2024 20:32,0.415766,13.030698,77.64584,13.091085,77.550823,12.288843,29.557136,0.368665,5.088098
309,2022,7,train,04/30/2024 21:37,04/30/2024 22:12,0.583526,12.974115,77.60943,13.14789,77.264479,42.065223,72.08796,2.523913,27.048002
310,2022,8,bus,04/30/2024 23:52,04/30/2024 23:56,0.074717,13.005443,77.619649,12.999461,77.637352,2.030074,27.17006,0.162406,0.827305
311,2022,9,walk,05/01/2024 01:34,05/01/2024 01:37,0.05,12.957387,77.586208,12.956706,77.588129,0.221508,5.069749,0,0
312,2022,10,bike,05/01/2024 02:28,05/01/2024 02:46,0.290106,12.965419,77.591432,12.920959,77.586924,4.967849,17.124267,0,0.185494
313,2023,0,bus,05/15/2024 12:00,05/15/2024 13:05,1.085926,17.435327,78.486336,17.636163,78.388118,24.640683,22.690949,1.971255,6.432194
314,2023,1,walk,05/15/2024 14:56,05/15/2024 15:02,0.112759,17.361982,78.505747,17.365905,78.501788,0.605647,5.371178,0,0
315,2023,2,metro,05/15/2024 16:30,05/15/2024 17:06,0.589397,17.429167,78.523411,17.277217,78.634511,20.603702,34.957262,0.618111,7.709896
316,2023,3,bus,05/15/2024 17:46,05/15/2024 17:58,0.20164,17.345823,78.510094,17.388085,78.503254,4.755055,23.581872,0.380404,1.573224
317,2023,4,bike,05/15/2024 18:37,05/15/2024 18:40,0.05328,17.393458,78.506049,17.394455,78.494853,1.193191,22.394633,0,0.157232
318,2023,5,car,05/15/2024 19:22,05/15/2024 19:38,0.272417,17.345981,78.487008,17.394372,78.553577,8.880492,32.598878,1.598489,4.039019
319,2023,6,metro,05/15/2024 20:47,05/15/2024 20:55,0.122219,17.369104,78.434881,17.327985,78.45433,5.016656,41.046546,0.1505,2.000147
320,2023,7,car,05/15/2024 21:25,05/15/2024 21:42,0.286389,17.362418,78.487437,17.434282,78.546377,10.147309,35.431907,1.826516,4.060966
321,2023,8,car,05/15/2024 23:07,05/15/2024 23:45,0.630922,17.401899,78.452625,17.545255,78.513636,17.203902,27.267864,3.096702,6.496434
322,2023,9,car,05/16/2024 01:23,05/16/2024 01:28,0.081517,17.418691,78.481876,17.446782,78.480926,3.125172,38.337524,0.562531,2.093372
323,2023,10,car,05/16/2024 02:03,05/16/2024 03:19,1.272583,17.331934,78.510104,17.584064,78.763001,38.802096,30.490808,6.984377,14.046778
324,2023,11,bus,05/16/2024 03:42,05/16/2024 04:17,0.577739,17.361393,78.438825,17.469616,78.485649,13.019008,22.534413,1.041521,3.573101
325,2023,12,metro,05/16/2024 05:40,05/16/2024 06:25,0.74889,17.386131,78.546304,17.248005,78.403719,21.56369,28.794208,0.646911,8.334058
326,2024,0,bus,03/11/2024 06:00,03/11/2024 06:04,0.078523,22.575845,88.35503,22.59213,88.339792,2.39296,30.474611,0.191437,1.109565
327,2024,1,car,03/11/2024 07:41,03/11/2024 07:52,0.179214,22.566574,88.327255,22.559158,88.24972,8.004137,44.662474,1.440745,3.623068
328,2024,2,car,03/11/2024 09:19,03/11/2024 09:36,0.289767,22.604917,88.305224,22.52089,88.315935,9.407814,32.4668,1.693406,4.135753
329,2024,3,bike,03/11/2024 10:22,03/11/2024 10:51,0.480112,22.543752,88.349489,22.55809,88.419441,7.358447,15.326537,0,0.217633
330,2024,4,metro,03/11/2024 12:43,03/11/2024 13:38,0.920738,22.514054,88.332844,22.596272,88.066808,28.80824,31.288211,0.864247,10.43326
331,2024,5,train,03/11/2024 15:07,03/11/2024 15:59,0.85243,22.627749,88.362442,22.844097,88.013373,43.130929,50.59763,2.587856,27.36733
332,2024,6,car,03/11/2024 17:47,03/11/2024 17:51,0.07445,22.52437,88.362489,22.508779,88.39577,3.83304,51.484469,0.689947,1.709579
333,2024,7,metro,03/11/2024 19:21,03/11/2024 19:37,0.26052,22.601083,88.361022,22.617809,88.2799,8.5323,32.751078,0.255969,3.371665
334,2024,8,bus,03/11/2024 19:52,03/11/2024 21:13,1.353499,22.61965,88.41854,22.561232,88.563543,16.24199,12,1.299359,4.406442
335,2024,9,walk,03/11/2024 22:37,03/11/2024 22:42,0.077414,22.583888,88.360156,22.581654,88.357334,0.3816,4.929326,0,0
336,2024,10,bus,03/11/2024 23:29,03/11/2024 23:51,0.370905,22.591722,88.411314,22.514873,88.338972,11.323011,30.528098,0.905841,3.083617
337,2024,11,bus,03/12/2024 00:26,03/12/2024 00:32,0.098648,22.520598,88.366109,22.510982,88.343908,2.518667,25.53188,0.201493,1.042008
338,2024,12,car,03/12/2024 01:28,03/12/2024 01:55,0.450733,22.517601,88.314075,22.695358,88.407857,21.98541,48.777029,3.957374,8.110075
339,2024,13,car,03/12/2024 03:51,03/12/2024 05:08,1.289399,22.521151,88.305353,22.42526,88.648659,36.851112,28.580058,6.6332,13.875058
340,2024,14,bike,03/12/2024 06:19,03/12/2024 06:38,0.307546,22.563582,88.380379,22.584272,88.432356,5.811522,18.896434,0,0.277077
341,2024,15,bus,03/12/2024 07:31,03/12/2024 08:06,0.592228,22.533493,88.315707,22.640727,88.331087,12.027993,20.309725,0.962239,3.263301
342,2025,0,car,06/22/2024 16:00,06/22/2024 16:08,0.148195,31.180261,121.529843,31.186995,121.464831,6.229642,42.036741,1.121336,3.043586
343,2025,1,bus,06/22/2024 18:06,06/22/2024 18:13,0.111405,31.24536,121.459533,31.249478,121.428632,2.973067,26.687077,0.237845,1.101097
344,2025,2,bike,06/22/2024 20:04,06/22/2024 20:09,0.083396,31.239034,121.475518,31.248022,121.473409,1.019359,12.223137,0,0.111344
345,2025,3,metro,06/22/2024 20:34,06/22/2024 21:11,0.62072,31.266246,121.448839,31.262727,121.143665,29.008546,46.733712,0.870256,10.510288
346,2025,4,bus,06/22/2024 22:47,06/22/2024 22:51,0.066416,31.267812,121.492477,31.256552,121.513739,2.377396,35.795629,0.190192,1.170466
347,2025,5,walk,06/23/2024 00:22,06/23/2024 00:32,0.16284,31.256085,121.457177,31.252075,121.453148,0.587823,3.609816,0,0
348,2025,6,metro,06/23/2024 01:11,06/23/2024 01:23,0.204048,31.283569,121.442583,31.299207,121.496042,5.369065,26.312699,0.161072,2.275976
349,2025,7,metro,06/23/2024 02:44,06/23/2024 02:55,0.176864,31.276831,121.491197,31.312918,121.430274,7.043567,39.824757,0.211307,2.703179
350,2025,8,car,06/23/2024 04:27,06/23/2024 05:06,0.648939,31.280671,121.443969,31.070606,121.506049,24.093268,37.127188,4.336788,8.944177
351,2025,9,bus,06/23/2024 06:45,06/23/2024 07:36,0.845413,31.27144,121.501119,31.134417,121.454584,15.866025,18.767189,1.269282,4.184645
352,2025,10,walk,06/23/2024 08:03,06/23/2024 08:06,0.05,31.25948,121.499943,31.260421,121.5018,0.205219,5.40232,0,0
353,2025,11,bike,06/23/2024 09:19,06/23/2024 09:52,0.553725,31.208304,121.487259,31.248831,121.413247,8.356501,15.091437,0,0.194263
354,2025,12,bus,06/23/2024 11:10,06/23/2024 11:47,0.624096,31.258336,121.478768,31.168387,121.473241,10.015739,16.048383,0.801259,3.083687
